Mumbai,,,,,,,,,,,
Delhi,,,,,,,,,,,
Kolkata,,,,,,,,,,,
Chennai,,,,,,,,,,,
Bengaluru,,,,,,,,,,,
Hyderabad,,,,,,,,,,,
Ahmadabad,,,,,,,,,,,
Manali,,,,,,,,,,,
Pune,,,,,,,,,,,
Surat,,,,,,,,,,,
Nainital,,,,,,,,,,,
Rampura,,,,,,,,,,,
Lucknow,,,,,,,,,,,
Nara,,,,,,,,,,,
Patna,,,,,,,,,,,
Indore,,,,,,,,,,,
Vadodara,,,,,,,,,,,
Bhopal,,,,,,,,,,,
Coimbatore,,,,,,,,,,,
Ludhiana,,,,,,,,,,,
agra,,,,,,,,,,,
Kalyan,,,,,,,,,,,
Vishakhapatnam,,,,,,,,,,,
Kochi,,,,,,,,,,,
Nasik,,,,,,,,,,,
Meerut,,,,,,,,,,,
Faridabad,,,,,,,,,,,
Varanasi,,,,,,,,,,,
Ghaziabad,,,,,,,,,,,
asansol,,,,,,,,,,,
Jamshedpur,,,,,,,,,,,
Madurai,,,,,,,,,,,
Jabalpur,,,,,,,,,,,
Rajkot,,,,,,,,,,,
Dhanbad,,,,,,,,,,,
Amritsar,,,,,,,,,,,
Warangal,,,,,,,,,,,
Allahabad,,,,,,,,,,,
Srinagar,,,,,,,,,,,
Aurangabad,,,,,,,,,,,
Bhilai,,,,,,,,,,,
Solapur,,,,,,,,,,,
Ranchi,,,,,,,,,,,
Jodhpur,,,,,,,,,,,
Guwahati,,,,,,,,,,,
Chandigarh,,,,,,,,,,,
Gwalior,,,,,,,,,,,
Thiruvananthapuram,,,,,,,,,,,
Tiruchchirappalli,,,,,,,,,,,
Hubli,,,,,,,,,,,
Mysore,,,,,,,,,,,
Raipur,,,,,,,,,,,
Salem,,,,,,,,,,,
Bhubaneshwar,,,,,,,,,,,
Kota,,,,,,,,,,,
Jhansi,,,,,,,,,,,
Bareilly,,,,,,,,,,,
Aligarh,,,,,,,,,,,
Bhiwandi,,,,,,,,,,,
Jammu,,,,,,,,,,,
Moradabad,,,,,,,,,,,
Mangalore,,,,,,,,,,,
Kolhapur,,,,,,,,,,,
Amravati,,,,,,,,,,,
Dehra Dun,,,,,,,,,,,
Malegaon Camp,,,,,,,,,,,
Nellore,,,,,,,,,,,
Gopalpur,,,,,,,,,,,
Shimoga,,,,,,,,,,,
Tiruppur,,,,,,,,,,,
Raurkela,,,,,,,,,,,
Nanded,,,,,,,,,,,
Belgaum,,,,,,,,,,,
Sangli,,,,,,,,,,,
Chanda,,,,,,,,,,,
Ajmer,,,,,,,,,,,
Cuttack,,,,,,,,,,,
Bikaner,,,,,,,,,,,
Bhavnagar,,,,,,,,,,,
Hisar,,,,,,,,,,,
Bilaspur,,,,,,,,,,,
Tirunelveli,,,,,,,,,,,
Guntur,,,,,,,,,,,
Shiliguri,,,,,,,,,,,
Ujjain,,,,,,,,,,,
Davangere,,,,,,,,,,,
Akola,,,,,,,,,,,
Saharanpur,,,,,,,,,,,
Gulbarga,,,,,,,,,,,
Bhatpara,,,,,,,,,,,
Dhulia,,,,,,,,,,,
Udaipur,,,,,,,,,,,
Bellary,,,,,,,,,,,
Tuticorin,,,,,,,,,,,
Kurnool,,,,,,,,,,,
Gaya,,,,,,,,,,,
Sikar,,,,,,,,,,,
Tumkur,,,,,,,,,,,
Kollam,,,,,,,,,,,
Ahmadnagar,,,,,,,,,,,
Bhilwara,,,,,,,,,,,
Nizamabad,,,,,,,,,,,
Parbhani,,,,,,,,,,,
Shillong,,,,,,,,,,,
Latur,,,,,,,,,,,
Rajapalaiyam,,,,,,,,,,,
Bhagalpur,,,,,,,,,,,
Muzaffarnagar,,,,,,,,,,,
Muzaffarpur,,,,,,,,,,,
Mathura,,,,,,,,,,,
Patiala,,,,,,,,,,,
Saugor,,,,,,,,,,,
Brahmapur,,,,,,,,,,,
Shahbazpur,,,,,,,,,,,
New Delhi,,,,,,,,,,,
Rohtak,,,,,,,,,,,
Samlaipadar,,,,,,,,,,,
Ratlam,,,,,,,,,,,
Firozabad,,,,,,,,,,,
Rajahmundry,,,,,,,,,,,
Barddhaman,,,,,,,,,,,
Bidar,,,,,,,,,,,
Bamanpuri,,,,,,,,,,,
Kakinada,,,,,,,,,,,
Panipat,,,,,,,,,,,
Khammam,,,,,,,,,,,
Bhuj,,,,,,,,,,,
Karimnagar,,,,,,,,,,,
Tirupati,,,,,,,,,,,
Hospet,,,,,,,,,,,
Chikka Mandya,,,,,,,,,,,
Alwar,,,,,,,,,,,
Aizawl,,,,,,,,,,,
Bijapur,,,,,,,,,,,
Imphal,,,,,,,,,,,
Tharati Etawah,,,,,,,,,,,
Raichur,,,,,,,,,,,
Pathankot,,,,,,,,,,,
Chirala,,,,,,,,,,,
Sonipat,,,,,,,,,,,
Mirzapur,,,,,,,,,,,
Hapur,,,,,,,,,,,
Porbandar,,,,,,,,,,,
Bharatpur,,,,,,,,,,,
Puducherry,,,,,,,,,,,
Karnal,,,,,,,,,,,
Nagercoil,,,,,,,,,,,
Thanjavur,,,,,,,,,,,
Pali,,,,,,,,,,,
Agartala,,,,,,,,,,,
Ongole,,,,,,,,,,,
Puri,,,,,,,,,,,
Dindigul,,,,,,,,,,,
Haldia,,,,,,,,,,,
Bulandshahr,,,,,,,,,,,
Purnea,,,,,,,,,,,
Proddatur,,,,,,,,,,,
Gurgaon,,,,,,,,,,,
Khanapur,,,,,,,,,,,
Machilipatnam,,,,,,,,,,,
Bhiwani,,,,,,,,,,,
Nandyal,,,,,,,,,,,
Bhusaval,,,,,,,,,,,
Bharauri,,,,,,,,,,,
Tonk,,,,,,,,,,,
Sirsa,,,,,,,,,,,
Vizianagaram,,,,,,,,,,,
Vellore,,,,,,,,,,,
Alappuzha,,,,,,,,,,,
Shimla,,,,,,,,,,,
Hindupur,,,,,,,,,,,
Baramula,,,,,,,,,,,
Bakshpur,,,,,,,,,,,
Dibrugarh,,,,,,,,,,,
Saidapur,,,,,,,,,,,
Navsari,,,,,,,,,,,
Budaun,,,,,,,,,,,
Cuddalore,,,,,,,,,,,
Haripur,,,,,,,,,,,
Krishnapuram,,,,,,,,,,,
Fyzabad,,,,,,,,,,,
Silchar,,,,,,,,,,,
Ambala,,,,,,,,,,,
Krishnanagar,,,,,,,,,,,
Kolar,,,,,,,,,,,
Kumbakonam,,,,,,,,,,,
Tiruvannamalai,,,,,,,,,,,
Pilibhit,,,,,,,,,,,
Abohar,,,,,,,,,,,
Port Blair,,,,,,,,,,,
Alipur Duar,,,,,,,,,,,
Hatisa,,,,,,,,,,,
Valparai,,,,,,,,,,,
Aurangabad,,,,,,,,,,,
Kohima,,,,,,,,,,,
Gangtok,,,,,,,,,,,
Karur,,,,,,,,,,,
Jorhat,,,,,,,,,,,
Panaji,,,,,,,,,,,
Saidpur,,,,,,,,,,,
Tezpur,,,,,,,,,,,
Itanagar,,,,,,,,,,,
Daman,,,,,,,,,,,
Silvassa,,,,,,,,,,,
Diu,,,,,,,,,,,
Dispur,,,,,,,,,,,
Kavaratti,,,,,,,,,,,
Calicut,,,,,,,,,,,
Kagaznagar,,,,,,,,,,,
Jaipur,,,,,,,,,,,
Ghandinagar,,,,,,,,,,,
Panchkula,,,,,,,,,,,
Hong Kong,,,,,,,,,,,
Bangkok,,,,,,,,,,,
London,,,,,,,,,,,
Macau,,,,,,,,,,,
Singapore,,,,,,,,,,,
Paris,,,,,,,,,,,
Dubai,,,,,,,,,,,
New York City,,,,,,,,,,,
Kuala Lumpur,,,,,,,,,,,
Istanbul,,,,,,,,,,,
Delhi,,,,,,,,,,,
Antalya,,,,,,,,,,,
Shenzhen,,,,,,,,,,,
Mumbai,,,,,,,,,,,
Phuket,,,,,,,,,,,
Rome,,,,,,,,,,,
Tokyo,,,,,,,,,,,
Pattaya,,,,,,,,,,,
Taipei,,,,,,,,,,,
Mecca,,,,,,,,,,,
Guangzhou,,,,,,,,,,,
Prague,,,,,,,,,,,
Medina,,,,,,,,,,,
Seoul,,,,,,,,,,,
Amsterdam,,,,,,,,,,,
Agra,,,,,,,,,,,
Miami,,,,,,,,,,,
Osaka,,,,,,,,,,,
Las Vegas,,,,,,,,,,,
Shanghai,,,,,,,,,,,
Ho Chi Minh City,,,,,,,,,,,
Denpasar,,,,,,,,,,,
Barcelona,,,,,,,,,,,
Los Angeles,,,,,,,,,,,
Milan,,,,,,,,,,,
Chennai,,,,,,,,,,,
Vienna,,,,,,,,,,,
Johor Bahru,,,,,,,,,,,
Jaipur,,,,,,,,,,,
Cancœn,,,,,,,,,,,
Berlin,,,,,,,,,,,
Cairo,,,,,,,,,,,
Athens,,,,,,,,,,,
Orlando,,,,,,,,,,,
Moscow,,,,,,,,,,,
Venice,,,,,,,,,,,
Madrid,,,,,,,,,,,
Ha Long,,,,,,,,,,,
Riyadh,,,,,,,,,,,
Dublin,,,,,,,,,,,
Florence,,,,,,,,,,,
Hanoi,,,,,,,,,,,
Toronto,,,,,,,,,,,
Johannesburg,,,,,,,,,,,
Sydney,,,,,,,,,,,
Munich,,,,,,,,,,,
Jakarta,,,,,,,,,,,
Beijing,,,,,,,,,,,
Saint Petersburg,,,,,,,,,,,
Brussels,,,,,,,,,,,
Jerusalem,,,,,,,,,,,
Budapest,,,,,,,,,,,
Lisbon,,,,,,,,,,,
Dammam,,,,,,,,,,,
Penang Island,,,,,,,,,,,
Heraklion,,,,,,,,,,,
Kyoto,,,,,,,,,,,
Zhuhai,,,,,,,,,,,
Vancouver,,,,,,,,,,,
Chiang Mai,,,,,,,,,,,
Copenhagen,,,,,,,,,,,
San Francisco,,,,,,,,,,,
Melbourne,,,,,,,,,,,
Warsaw,,,,,,,,,,,
Marrakesh,,,,,,,,,,,
Kolkata,,,,,,,,,,,
Cebu City,,,,,,,,,,,
Auckland,,,,,,,,,,,
Tel Aviv,,,,,,,,,,,
Guilin,,,,,,,,,,,
Honolulu,,,,,,,,,,,
Hurghada,,,,,,,,,,,
Krak—w,,,,,,,,,,,
Mu_la,,,,,,,,,,,
Buenos Aires,,,,,,,,,,,
Chiba,,,,,,,,,,,
Frankfurt am Main,,,,,,,,,,,
Stockholm,,,,,,,,,,,
Lima,,,,,,,,,,,
Da Nang,,,,,,,,,,,
Batam,,,,,,,,,,,
Nice,,,,,,,,,,,
Fukuoka,,,,,,,,,,,
Abu Dhabi,,,,,,,,,,,
Jeju,,,,,,,,,,,
Porto,,,,,,,,,,,
Rhodes,,,,,,,,,,,
Rio de Janeiro,,,,,,,,,,,
Krabi,,,,,,,,,,,
Bangalore,,,,,,,,,,,
Mexico City,,,,,,,,,,,
Punta Cana,,,,,,,,,,,
S‹o Paulo,,,,,,,,,,,
ZŸrich,,,,,,,,,,,
Montreal,,,,,,,,,,,
Washington D.C.,,,,,,,,,,,
Chicago,,,,,,,,,,,
DŸsseldorf,,,,,,,,,,,
Boston,,,,,,,,,,,
Chengdu,,,,,,,,,,,
Edinburgh,,,,,,,,,,,
San Jose,,,,,,,,,,,
Tehran,,,,,,,,,,,
Houston,,,,,,,,,,,
Hamburg,,,,,,,,,,,
Cape Town,,,,,,,,,,,
Manila,,,,,,,,,,,
Bogota,,,,,,,,,,,
Xi'an,,,,,,,,,,,
Beirut,,,,,,,,,,,
Geneva,,,,,,,,,,,
Colombo,,,,,,,,,,,
Xiamen,,,,,,,,,,,
Bucharest,,,,,,,,,,,
Casablanca,,,,,,,,,,,
Atlanta,,,,,,,,,,,
Sofia,,,,,,,,,,,
Dalian,,,,,,,,,,,
Montevideo,,,,,,,,,,,
Amman,,,,,,,,,,,
Hangzhou,,,,,,,,,,,
Pune,,,,,,,,,,,
Durban,,,,,,,,,,,
Dallas,,,,,,,,,,,
Accra,,,,,,,,,,,
Quito,,,,,,,,,,,
Tianjin,,,,,,,,,,,
Belgrade,,,,,,,,,,,
Qingdao,,,,,,,,,,,
Philadelphia,,,,,,,,,,,